fournisseur_id,fournisseur_nom,type,siret,adresse,pays,email
SUPP_001,Fournisseur 1 - Équipementier,Équipementier,9072449999900,"1 rue Principale, 75000 Paris",France,contact1@supplier.com
SUPP_002,Fournisseur 2 - Installateur,Installateur,9072449999901,"2 rue Principale, 75000 Paris",France,contact2@supplier.com
SUPP_003,Fournisseur 3 - Sous-traitant,Sous-traitant,9072449999902,"3 rue Principale, 75000 Paris",France,contact3@supplier.com
SUPP_004,Fournisseur 4 - Consulting,Consulting,9072449999903,"4 rue Principale, 75000 Paris",France,contact4@supplier.com
SUPP_005,Fournisseur 5 - Équipementier,Équipementier,9072449999904,"5 rue Principale, 75000 Paris",France,contact5@supplier.com
SUPP_006,Fournisseur 6 - Installateur,Installateur,9072449999905,"6 rue Principale, 75000 Paris",France,contact6@supplier.com
SUPP_007,Fournisseur 7 - Sous-traitant,Sous-traitant,9072449999906,"7 rue Principale, 75000 Paris",France,contact7@supplier.com
SUPP_008,Fournisseur 8 - Consulting,Consulting,9072449999907,"8 rue Principale, 75000 Paris",France,contact8@supplier.com
SUPP_009,Fournisseur 9 - Équipementier,Équipementier,9072449999908,"9 rue Principale, 75000 Paris",France,contact9@supplier.com
SUPP_010,Fournisseur 10 - Installateur,Installateur,9072449999909,"10 rue Principale, 75000 Paris",France,contact10@supplier.com
SUPP_011,Fournisseur 11 - Sous-traitant,Sous-traitant,9072449999910,"11 rue Principale, 75000 Paris",France,contact11@supplier.com
SUPP_012,Fournisseur 12 - Consulting,Consulting,9072449999911,"12 rue Principale, 75000 Paris",France,contact12@supplier.com
SUPP_013,Fournisseur 13 - Équipementier,Équipementier,9072449999912,"13 rue Principale, 75000 Paris",France,contact13@supplier.com
SUPP_014,Fournisseur 14 - Installateur,Installateur,9072449999913,"14 rue Principale, 75000 Paris",France,contact14@supplier.com
SUPP_015,Fournisseur 15 - Sous-traitant,Sous-traitant,9072449999914,"15 rue Principale, 75000 Paris",France,contact15@supplier.com
SUPP_016,Fournisseur 16 - Consulting,Consulting,9072449999915,"16 rue Principale, 75000 Paris",France,contact16@supplier.com
SUPP_017,Fournisseur 17 - Équipementier,Équipementier,9072449999916,"17 rue Principale, 75000 Paris",France,contact17@supplier.com
SUPP_018,Fournisseur 18 - Installateur,Installateur,9072449999917,"18 rue Principale, 75000 Paris",France,contact18@supplier.com
SUPP_019,Fournisseur 19 - Sous-traitant,Sous-traitant,9072449999918,"19 rue Principale, 75000 Paris",France,contact19@supplier.com
SUPP_020,Fournisseur 20 - Consulting,Consulting,9072449999919,"20 rue Principale, 75000 Paris",France,contact20@supplier.com
SUPP_021,Fournisseur 21 - Équipementier,Équipementier,9072449999920,"21 rue Principale, 75000 Paris",France,contact21@supplier.com
SUPP_022,Fournisseur 22 - Installateur,Installateur,9072449999921,"22 rue Principale, 75000 Paris",France,contact22@supplier.com
SUPP_023,Fournisseur 23 - Sous-traitant,Sous-traitant,9072449999922,"23 rue Principale, 75000 Paris",France,contact23@supplier.com
SUPP_024,Fournisseur 24 - Consulting,Consulting,9072449999923,"24 rue Principale, 75000 Paris",France,contact24@supplier.com
SUPP_025,Fournisseur 25 - Équipementier,Équipementier,9072449999924,"25 rue Principale, 75000 Paris",France,contact25@supplier.com
SUPP_026,Fournisseur 26 - Installateur,Installateur,9072449999925,"26 rue Principale, 75000 Paris",France,contact26@supplier.com
SUPP_027,Fournisseur 27 - Sous-traitant,Sous-traitant,9072449999926,"27 rue Principale, 75000 Paris",France,contact27@supplier.com
SUPP_028,Fournisseur 28 - Consulting,Consulting,9072449999927,"28 rue Principale, 75000 Paris",France,contact28@supplier.com
SUPP_029,Fournisseur 29 - Équipementier,Équipementier,9072449999928,"29 rue Principale, 75000 Paris",France,contact29@supplier.com
SUPP_030,Fournisseur 30 - Installateur,Installateur,9072449999929,"30 rue Principale, 75000 Paris",France,contact30@supplier.com
SUPP_031,Fournisseur 31 - Sous-traitant,Sous-traitant,9072449999930,"31 rue Principale, 75000 Paris",France,contact31@supplier.com
SUPP_032,Fournisseur 32 - Consulting,Consulting,9072449999931,"32 rue Principale, 75000 Paris",France,contact32@supplier.com
SUPP_033,Fournisseur 33 - Équipementier,Équipementier,9072449999932,"33 rue Principale, 75000 Paris",France,contact33@supplier.com
SUPP_034,Fournisseur 34 - Installateur,Installateur,9072449999933,"34 rue Principale, 75000 Paris",France,contact34@supplier.com
SUPP_035,Fournisseur 35 - Sous-traitant,Sous-traitant,9072449999934,"35 rue Principale, 75000 Paris",France,contact35@supplier.com
